ALTER TABLE S_CART ADD CONSTRAINT SALES_CART_PRODUCT_ID_FK FOREIGN KEY ( PRODUCT_ID ) REFERENCES S_PRODUCT( PRODUCT_ID );
ALTER TABLE S_CART ADD CONSTRAINT SALES_CUST_CARD_EMAIL_FK FOREIGN KEY ( CUSTOMER_EMAIL_ID ) REFERENCES S_CUSTOMER( EMAIL_ID );
ALTER TABLE S_ORDER ADD CONSTRAINT SALES_ORD_PRODUCT_ID_FK FOREIGN KEY ( PRODUCT_ID ) REFERENCES S_PRODUCT( PRODUCT_ID );

INSERT INTO S_PRODUCT (PRODUCT_ID, NAME, CATEGORY, PRICE, QUANTITY) VALUES(1000,'Samsung s10','Mobile',67000,30);
INSERT INTO S_PRODUCT (PRODUCT_ID, NAME, CATEGORY, PRICE, QUANTITY) VALUES(1001,'Redmi Note 7 Pro','Mobile',22000,18);
INSERT INTO S_PRODUCT (PRODUCT_ID, NAME, CATEGORY, PRICE, QUANTITY) VALUES(1002,'Apple iPad','Tablet',72000,30);
INSERT INTO S_PRODUCT (PRODUCT_ID, NAME, CATEGORY, PRICE, QUANTITY) VALUES(1003,'Realme 5 pro','Mobile',22000,20);
INSERT INTO S_PRODUCT (PRODUCT_ID, NAME, CATEGORY, PRICE, QUANTITY) VALUES(1004,'Dell Alienware','Laptop',220000,10);
INSERT INTO S_PRODUCT (PRODUCT_ID, NAME, CATEGORY, PRICE, QUANTITY) VALUES(1005,'Soundmagic ES18S','Earphones',1000,30);
INSERT INTO S_PRODUCT (PRODUCT_ID, NAME, CATEGORY, PRICE, QUANTITY) VALUES(1006,'Logitech G102','Electronics',2400,24);
INSERT INTO S_PRODUCT (PRODUCT_ID, NAME, CATEGORY, PRICE, QUANTITY) VALUES(1007,'Nvidia 2080 Ti','Electronics',64000,14);


INSERT INTO S_CUSTOMER (EMAIL_ID, NAME, PASSWORD, PHONE_NUMBER, ADDRESS) VALUES ('tom@infosys.com', 'Tom', 'Tom@123', '7886189067', 'PUNE');
INSERT INTO S_CUSTOMER (EMAIL_ID, NAME, PASSWORD, PHONE_NUMBER, ADDRESS) VALUES ('harry@infosys.com', 'Harry', 'Harry@123', '7687156584','MUMBAI');
INSERT INTO S_CUSTOMER (EMAIL_ID, NAME, PASSWORD, PHONE_NUMBER, ADDRESS) VALUES ('john@infosys.com', 'John', 'John@123', '8478116714','MYSORE');
INSERT INTO S_CUSTOMER (EMAIL_ID, NAME, PASSWORD, PHONE_NUMBER, ADDRESS) VALUES ('sara@infosys.com', 'Sara', 'Sara@123', '8900100511','BANGALORE');
INSERT INTO S_CUSTOMER (EMAIL_ID, NAME, PASSWORD, PHONE_NUMBER, ADDRESS) VALUES ('mariya@infosys.com', 'Mariya', 'Mariya@123', '7578116427','HYDERABAD');

INSERT INTO S_ORDER (ORDER_ID, ORDER_NUMBER, DATE_OF_ORDER, PRODUCT_ID, QUANTITY, TOTAL_PRICE, DATE_OF_DELIVERY, EMAIL_ID) VALUES (90000, 71000, SYSDATE()- INTERVAL 155 DAY, 1000, 1, 15200, SYSDATE()- INTERVAL 150 DAY, 'tom@infosys.com');
INSERT INTO S_ORDER (ORDER_ID, ORDER_NUMBER, DATE_OF_ORDER, PRODUCT_ID, QUANTITY, TOTAL_PRICE, DATE_OF_DELIVERY, EMAIL_ID) VALUES (90001, 71000, SYSDATE()- INTERVAL 155 DAY, 1002, 1, 56050,SYSDATE()- INTERVAL 150 DAY, 'tom@infosys.com');
INSERT INTO S_ORDER (ORDER_ID, ORDER_NUMBER, DATE_OF_ORDER, PRODUCT_ID, QUANTITY, TOTAL_PRICE, DATE_OF_DELIVERY, EMAIL_ID) VALUES (90002, 71001, SYSDATE()- INTERVAL 145 DAY, 1003, 1, 7600,SYSDATE()- INTERVAL 140 DAY, 'harry@infosys.com');
INSERT INTO S_ORDER (ORDER_ID, ORDER_NUMBER, DATE_OF_ORDER, PRODUCT_ID, QUANTITY, TOTAL_PRICE, DATE_OF_DELIVERY, EMAIL_ID) VALUES (90003, 71001, SYSDATE()- INTERVAL 145 DAY, 1003, 1, 475,SYSDATE()- INTERVAL 139 DAY, 'harry@infosys.com');
INSERT INTO S_ORDER (ORDER_ID, ORDER_NUMBER, DATE_OF_ORDER, PRODUCT_ID, QUANTITY, TOTAL_PRICE, DATE_OF_DELIVERY, EMAIL_ID) VALUES (90004, 71002, SYSDATE()- INTERVAL 108 DAY, 1000, 1, 47500, null, 'john@infosys.com');
INSERT INTO S_ORDER (ORDER_ID, ORDER_NUMBER, DATE_OF_ORDER, PRODUCT_ID, QUANTITY, TOTAL_PRICE, DATE_OF_DELIVERY, EMAIL_ID) VALUES (90005, 71002, SYSDATE()- INTERVAL 108 DAY, 1001, 1, 14250, SYSDATE()- INTERVAL 103 DAY, 'john@infosys.com');
INSERT INTO S_ORDER (ORDER_ID, ORDER_NUMBER, DATE_OF_ORDER, PRODUCT_ID, QUANTITY, TOTAL_PRICE, DATE_OF_DELIVERY, EMAIL_ID) VALUES (90006, 71002, SYSDATE()- INTERVAL 108 DAY, 1002, 1, 2371.50, null, 'john@infosys.com');
INSERT INTO S_ORDER (ORDER_ID, ORDER_NUMBER, DATE_OF_ORDER, PRODUCT_ID, QUANTITY, TOTAL_PRICE, DATE_OF_DELIVERY, EMAIL_ID) VALUES (90007, 71003, SYSDATE()- INTERVAL 98 DAY, 1002, 1, 4750, SYSDATE()- INTERVAL 95 DAY, 'sara@infosys.com');
INSERT INTO S_ORDER (ORDER_ID, ORDER_NUMBER, DATE_OF_ORDER, PRODUCT_ID, QUANTITY, TOTAL_PRICE, DATE_OF_DELIVERY, EMAIL_ID) VALUES (90008, 71004, SYSDATE()- INTERVAL 95 DAY, 1005, 1,4750, null, 'mariya@infosys.com');
INSERT INTO S_ORDER (ORDER_ID, ORDER_NUMBER, DATE_OF_ORDER, PRODUCT_ID, QUANTITY, TOTAL_PRICE, DATE_OF_DELIVERY, EMAIL_ID) VALUES (90009, 71004, SYSDATE()- INTERVAL 95 DAY, 1003, 1, 3800, SYSDATE()- INTERVAL 90 DAY, 'mariya@infosys.com');
INSERT INTO S_ORDER (ORDER_ID, ORDER_NUMBER, DATE_OF_ORDER, PRODUCT_ID, QUANTITY, TOTAL_PRICE, DATE_OF_DELIVERY, EMAIL_ID) VALUES (90010, 71004, SYSDATE()- INTERVAL 95 DAY, 1004, 2, 11400, null, 'mariya@infosys.com');
INSERT INTO S_ORDER (ORDER_ID, ORDER_NUMBER, DATE_OF_ORDER, PRODUCT_ID, QUANTITY, TOTAL_PRICE, DATE_OF_DELIVERY, EMAIL_ID) VALUES (90011, 71005, SYSDATE()- INTERVAL 84 DAY, 1002, 1, 4750, SYSDATE()- INTERVAL 80 DAY, 'james@infosys.com');
INSERT INTO S_ORDER (ORDER_ID, ORDER_NUMBER, DATE_OF_ORDER, PRODUCT_ID, QUANTITY, TOTAL_PRICE, DATE_OF_DELIVERY, EMAIL_ID) VALUES (90012, 71006, SYSDATE()- INTERVAL 84 DAY, 1006, 1, 47500, null, 'steve@infosys.com');
INSERT INTO S_ORDER (ORDER_ID, ORDER_NUMBER, DATE_OF_ORDER, PRODUCT_ID, QUANTITY, TOTAL_PRICE, DATE_OF_DELIVERY, EMAIL_ID) VALUES (90013, 71006, SYSDATE()- INTERVAL 76 DAY, 1006, 1, 4750, SYSDATE()- INTERVAL 74 DAY, 'steve@infosys.com');
INSERT INTO S_ORDER (ORDER_ID, ORDER_NUMBER, DATE_OF_ORDER, PRODUCT_ID, QUANTITY, TOTAL_PRICE, DATE_OF_DELIVERY, EMAIL_ID) VALUES (90014, 71007, SYSDATE()- INTERVAL 76 DAY, 1000, 1, 15200, SYSDATE()- INTERVAL 73 DAY, 'punya@infosys.com');
INSERT INTO S_ORDER (ORDER_ID, ORDER_NUMBER, DATE_OF_ORDER, PRODUCT_ID, QUANTITY, TOTAL_PRICE, DATE_OF_DELIVERY, EMAIL_ID) VALUES (90015, 71007, SYSDATE()- INTERVAL 76 DAY, 1001, 1, 56050, SYSDATE()- INTERVAL 72 DAY, 'punya@infosys.com');
INSERT INTO S_ORDER (ORDER_ID, ORDER_NUMBER, DATE_OF_ORDER, PRODUCT_ID, QUANTITY, TOTAL_PRICE, DATE_OF_DELIVERY, EMAIL_ID) VALUES (90016, 71007, SYSDATE()- INTERVAL 76 DAY, 1002, 1, 4750, SYSDATE()- INTERVAL 73 DAY, 'punya@infosys.com');
INSERT INTO S_ORDER (ORDER_ID, ORDER_NUMBER, DATE_OF_ORDER, PRODUCT_ID, QUANTITY, TOTAL_PRICE, DATE_OF_DELIVERY, EMAIL_ID) VALUES (90018, 71009, SYSDATE()- INTERVAL 52 DAY, 1007, 1, 15200, SYSDATE()- INTERVAL 45 DAY, 'animesh@infosys.com');
INSERT INTO S_ORDER (ORDER_ID, ORDER_NUMBER, DATE_OF_ORDER, PRODUCT_ID, QUANTITY, TOTAL_PRICE, DATE_OF_DELIVERY, EMAIL_ID) VALUES (90017, 71008, SYSDATE()- INTERVAL 6 DAY, 1005, 1, 3325, null, 'rakesh@infosys.com');
INSERT INTO S_ORDER (ORDER_ID, ORDER_NUMBER, DATE_OF_ORDER, PRODUCT_ID, QUANTITY, TOTAL_PRICE, DATE_OF_DELIVERY, EMAIL_ID) VALUES (90019, 71010, SYSDATE()- INTERVAL 2 DAY, 1007, 1, 33250, null, 'rakesh@infosys.com');


